State,v009_rawvalue_norm,v011_rawvalue_norm,v049_rawvalue_norm,v070_rawvalue_norm,v045_rawvalue_norm,v014_rawvalue_norm,v138_rawvalue_norm,v060_rawvalue_norm,v061_rawvalue_norm,v132_rawvalue_norm,v143_rawvalue_norm,v004_rawvalue_norm,v062_rawvalue_norm,v088_rawvalue_norm,v005_rawvalue_norm,v085_rawvalue_norm,v131_rawvalue_norm,v024_rawvalue_norm,v044_rawvalue_norm,v069_rawvalue_norm,v023_rawvalue_norm,v140_rawvalue_norm,v063_rawvalue_norm,v141_rawvalue_norm,v149_rawvalue_norm,v136_rawvalue_norm,v153_rawvalue_norm,v154_rawvalue_norm,v067_rawvalue_norm,v137_rawvalue_norm,v036_rawvalue_norm,v042_rawvalue_norm,v144_rawvalue_norm,v145_rawvalue_norm,v147_rawvalue_norm,v168_rawvalue_norm,v171_rawvalue_norm,v151_rawvalue_norm,v172_rawvalue_norm,v167_rawvalue_norm,v169_rawvalue_norm,v177_rawvalue_norm,v183_rawvalue_norm,v184_rawvalue_norm,real_gdp_total_norm,real_pce_total_norm,disposable_income_total_norm,real_pc_income_norm,pc_pce_norm,rpp_index_norm,employment_total_norm,arts_ratio_norm,predictor_index
AK,0.3878730114114817,0.4774421384595891,0.4321925479227797,0.6955024253140194,0.4036173506908074,0.4094041244848757,0.7638489340892187,0.802086149604305,0.9774099059595152,0.6184091736110837,0.6729093992189759,0.3992295873919635,0.14309170263184542,0.2795469966162008,0.89936251501863,0.3808553292111409,0.29037547566216576,0.7537582136482016,0.8646528579848569,0.3321712616643771,0.24356079653205132,0.2908334146443533,0.7104919753690769,0.862661242281547,0.030948883599354715,0.40159236032638995,0.7366878696566387,0.7329833633550478,0.3209772417335761,0.9465483340139661,0.5904355732062431,0.7742600728060024,0.6316209214714187,0.7971948088505316,0.563751223853045,0.906038848819802,0.7230523090050025,0.3380908909504796,0.08373763231916063,0.705606200126889,0.8107889090039317,0.5140051767361421,0.36068313697829746,0.4650471469650719,0.006364432810586335,0.0054205288635367525,0.005398632633722791,0.3996922098994664,0.3621486959906578,0.36250369624461526,0.0022702022332715573,0.2567366636982087,0.4991068700420551
AL,0.31706464638685494,0.13040629131604056,0.7817166631641813,0.14999769621233924,0.5803627776326453,0.22467683161819121,0.8023578978137965,0.08930306236758649,0.8807607394242525,0.11082789467845261,0.24968227860226175,0.8353518780266872,1.0,0.9624518453084431,0.1918838088474276,0.5051201600919263,0.7689706692417387,0.254477248017136,0.55380765195792,0.1887089647848269,0.7900135904868635,0.3314547880492638,0.1413622239411173,0.6276106379160886,0.4032226973344096,0.8402985286488321,0.8613535154012418,0.7321822025151637,0.007312332207309258,0.420862877740041,0.32876456991224084,0.28092874641781923,0.3071944310280816,0.2918192474475134,0.22573500294556884,0.3144484008107407,0.6830649536290019,0.7210302554575663,0.19805229964199167,0.47282082771736766,0.1600252733193353,0.31918194857047166,0.4855944724416472,0.49772119278044824,0.059997437467817584,0.09171753160258185,0.06346331610227228,0.17393765020101146,0.1241510315297781,0.8822835998625396,0.09322016555472945,0.08655128737686894,0.4150229178969518
AR,0.18344963957754476,0.19038668838231218,0.6884788330092069,0.09423895324888759,0.6074337221200178,0.0,0.8625555869045162,0.2089753713864623,0.9232964743189299,0.1503169770570079,0.4558849042590117,0.7999878851722212,0.7767919969784253,0.9777826408267482,0.3536850909468458,0.5810945737442219,0.7646952969842725,0.27527079096514445,0.666002202423983,0.09904908701969295,0.6768079988497675,0.3174700499126361,0.07830644680422262,0.5556130184708056,0.23052304584717978,0.8257994556731383,0.7569593195301358,0.829638427549254,0.053618370185206876,0.6386441065151405,0.14295310953045914,0.21960299433451472,0.14514874782978382,0.20790426578736595,0.2859566677111828,0.35170913550471206,0.6510109890302794,0.5188085352367428,0.34495797450873944,0.5440917345594457,0.22515871910368102,0.011013822890219127,,,0.030403274837958467,0.050145845513576176,0.035926140345171595,0.2351778435734877,0.11966212534059946,0.9119934146906742,0.05115380667678512,0.10179702467758167,0.38238094838505593
AZ,0.6031115828028115,0.5665756111325232,0.557950365705484,0.5959395252734406,0.6208000117755303,0.4376666698603522,0.6334813299824492,0.533574397057544,0.9018241185847921,0.662993984239183,0.5875357566700109,0.8158634196196352,0.9315153293853099,0.7714747763625738,0.7760902648533293,0.4119200588637582,0.688612418461128,0.48623605658201074,0.7347063787346437,0.3231561618355407,0.45549875745060114,0.0864660615328466,0.4188429757408562,0.790516377590551,0.3553107184440163,0.5712989499494613,0.7405498017717309,0.5876060954375658,0.21218969221806327,0.38905195181448415,0.5299569656069624,0.5708706763523456,0.5185567870126279,0.5888584304147148,0.6754752003789543,0.40947870210855813,0.646370871907058,0.41995773408991344,0.1655891136080952,0.5301044252680458,0.2710347468648691,0.4958663948913345,0.43244221058985655,0.4503734694992133,0.10374996293763779,0.14219893893326904,0.10536622189459395,0.1725799166959402,0.21917789022966136,0.5360393839858704,0.142362300613162,0.17097806393094953,0.49149149740208287
CA,0.8502558790839508,0.8031975491355515,0.5235473194291062,0.7325293717509873,0.6593099151687828,0.7073101471331574,0.8368477952632474,0.5589940137976119,0.8508202150351235,0.8590536337961909,0.6312937677015281,0.6128594102006736,0.49461203810213333,0.4513506215916214,0.6711449813223876,0.6980893446986444,0.9730772054109864,0.6157913402846031,0.6914532143672912,0.39069276567047434,0.31955932403183557,0.10277236496303051,0.8260292286812035,0.555085190439684,0.6240797857895465,0.01447161742698927,0.42454293065860066,0.0,0.2559779157539381,0.22463271309888946,0.6330027059560558,0.7152924456231088,0.6421742918977461,0.7713362828024595,0.8798385205756153,0.0,0.5346058448812542,0.3097961844096471,0.1922788811832657,0.41883317748487264,0.36619479478440187,0.5295334508049809,0.48007320122299046,0.1686419361275433,0.8901170291225735,0.8920271874960419,0.785341562214304,0.3886630646303452,0.34933592837680033,0.06784706737954221,0.9394832524486277,0.7389953488032245,0.5512891721576944
CO,0.6861279440643696,0.9808102597659204,0.37363268004127176,0.9692705148555246,0.7037347435843834,0.6773547413106767,0.755290719915709,0.9615293664407885,0.9092324500909487,0.7744061726206478,0.9577675351050846,0.5801030595114712,0.48904821573438056,0.5260916047935427,0.8886329570283769,0.6456932618799586,0.5846175290503192,0.8383896009468321,0.8299150674077933,0.6215368373568287,0.6771185419038002,0.20202753753535208,0.7469813850752233,0.43714579029595946,0.6643555386049323,0.6694020466303167,0.7540851312157869,0.5361076822556293,0.24306318366012322,0.39105213358340357,0.7978321776947038,0.6913957903584823,0.8214924851924188,0.756473575195009,0.7737041349740781,0.8131414482741134,0.48709825274945834,0.4046045449380248,0.3587389449003544,0.7833986953404422,0.4459983900006891,0.9605183378885304,,,0.10826070967911947,0.12857345691154173,0.10450237910391255,0.4376529889652788,0.3402024133904243,0.39444324566240685,0.13979352015731572,0.3273724327388835,0.5820409682698948
CT,0.740449602665541,0.6958101505640831,0.5352631658309309,0.6668200727385926,0.8071853539177026,0.9584232682183869,0.5076470723126095,0.7125001753120478,0.8771071789923549,0.8404635265416526,0.5925361466582081,0.5619426852844724,0.43790857132264754,0.48392340117854954,0.613708067282371,0.8190707187390269,0.46333016451089,0.7488242370422266,0.6401777045221942,0.5128243385705611,0.47074695539552236,0.226401432595867,0.7598756701128067,0.3257243741271343,0.8901142222661681,0.5712911130834321,0.7653044245426317,0.3279563716834763,0.1792910372752485,0.4380016330081203,0.8263939706719894,0.735608542939527,0.8421317719075884,0.7978398638398044,0.6467224906767471,0.6889014015580507,0.46358069179388794,0.34850696464141495,0.30856376862137763,0.558101837004672,0.9017123689309852,0.6024893190627642,0.4850247933021655,0.5936822715743583,0.07394378069439186,0.08063164022554539,0.07292213736872052,0.6881673664430727,0.39150019462826,0.28902235328905823,0.07636235818705758,0.2693283395417201,0.5562694228675327
DC,0.6884769958101637,0.9343046563324776,0.09726234477406287,0.927082109634385,0.0,0.4724472234691952,0.22588483074093826,0.737814430793096,0.0,1.0,0.6038602774762453,0.0,0.1753986795745527,0.0,0.27283479925124343,0.9665396208702705,0.0,0.2413440521350578,0.0,1.0,0.23682149680898804,1.0,0.9917122285198325,0.05670877183679368,0.6031651692949747,0.3980945532131859,0.0,0.2541648486993913,1.0,0.0073132157483232945,0.9636511252179151,0.6699594216002973,0.9505803559088198,0.7952358447795751,0.5703393471975552,0.7949421478465901,0.34679651434064884,0.1128882803492921,0.2808372787451592,0.0,0.4215445642104426,0.42229518628956403,0.268072730792963,0.594303106108329,0.03250952850049087,0.009641048186922394,0.008363822638206368,0.8557178144672499,0.7168267808485792,0.07133152716839673,0.019742553362563666,0.9567691829176044,0.43822324170466687
DE,0.523039401668838,0.328718659705263,0.5895550695683601,0.3885808699490827,0.6387708333965748,0.6144083979321767,0.33176331888354044,0.40318758614638045,0.8511268367544641,0.5941802540874597,0.49262683980473115,0.7027194181250341,0.6877219338924583,0.9965036229031838,0.3290904537281003,0.7688418280340971,0.4740213882373607,0.590297871093206,0.8061671069833993,0.2565102194588573,0.4869783626093971,0.2679055368898848,0.541450105491963,0.9874401235951593,0.7660752454710398,0.7801970380784828,0.9336773223146405,0.6362001410026755,0.127358356035109,0.4360261357288658,0.6684322473797838,0.6377167754851366,0.653338551565477,0.6559866804323683,0.5546551818386619,0.6710535232865942,0.7192532287866975,0.23966050080462917,0.30655840935659606,0.9159982400151503,0.5080278745778039,0.6022694648909311,0.873106327757913,0.7426042459864224,0.013412709335168551,0.011231835133613654,0.007609696175727358,0.31224803867449524,0.3030984818995718,0.5431721371086975,0.008534222221339862,0.011877154138478209,0.523481940904816
FL,0.5252369807213246,0.6683190881614234,0.5280919182663381,0.3730752870404282,0.6980059154162884,0.5940176125839673,0.6457803934677172,0.4844967880991618,0.7581399406773534,0.7295856890171546,0.4381870744779442,0.7232854459108912,0.8850437987389692,0.8000405489622832,0.30156192562244544,0.26018014210358603,0.5076383404582812,0.48516670213726076,0.7682039883909934,0.28567711588515005,0.6888580593162654,0.14165659797747962,0.3192833348080613,0.5753719903955424,0.5405137299112562,0.4675278646003358,0.7657739289968594,0.2531146862623912,0.1513658975464657,0.2061284702925262,0.5862799076927551,0.6011106331999113,0.5532935367755306,0.6102791502596937,0.7188584367116558,0.4796901452785624,0.621800129052413,0.2750340001406437,0.18503486746843376,0.6646069543070894,0.279179415753523,0.7075072835592447,0.6553598489101089,0.5951878785558616,0.3330631081261859,0.49803901831119557,0.3714961134909563,0.2657923643521074,0.29877617750097313,0.43802696460396223,0.5034587617046241,0.20707861226805085,0.49975310027968345
GA,0.5026260366898293,0.35502537665559725,0.6835509836072461,0.37337760159528094,0.5617947894391583,0.42873980052212607,0.8659493357338759,0.31750364698088157,0.7548002526846177,0.41781463946006053,0.3690656592578671,0.8149947691253687,0.929825051396996,0.9189967146440429,0.3319313620972041,0.28147410545026824,0.6166899488673164,0.39189998456843417,0.6758993788929623,0.30600237798089464,0.6836357033146746,0.20679407589904994,0.39827322947058547,0.73595431867603,0.43673347672861546,0.6883502927940377,0.7034193844428981,0.5564614860413781,0.15021531394273652,0.21442392198911653,0.5714809218326319,0.5800624341496872,0.5558079095024185,0.5897040434178116,0.4884124884307024,0.4057747556574697,0.8368117477978242,0.4639393937061377,0.46717419731101956,0.6010900952584779,0.22765797908288937,0.4861561253455035,0.41854318375972754,0.14555466898966485,0.17956586698583096,0.21744906334669406,0.1594968121564177,0.21958202996492754,0.1881198910081744,0.6541673659561885,0.24148888476386263,0.29088710899449505,0.47446797972231197
HI,0.735976658634297,0.9196843422523205,0.3772389774140192,0.7210597302822993,0.7074362690872226,0.5991874729999495,0.8519822975966554,0.5613188572167951,0.9388638875535014,0.8262977219580284,0.008373257169466334,0.483304962991147,0.7247084877971859,0.45419914924104604,0.9815295305947335,0.9149477347156433,0.9956505130947707,0.8178769656623696,0.8708211274920085,0.4797747758158604,0.6034218647783336,0.12631809486508694,0.8482646336091856,0.454092690053695,0.33508961443031415,0.0006981347157906844,0.5855657317008929,0.12364904457325769,0.3306398267214215,0.2489694488714839,0.9257516555838968,0.9227835807116972,0.9172061825830831,0.9471361106421602,1.0,0.8382672342922654,0.6435615711555362,0.3563037476477341,0.18778839026603203,0.9635105133788499,,0.07600801835684029,,,0.01671713916610891,0.01775448118823368,0.015924972196533608,0.16030455607411495,0.28577345270533283,0.08213255332582081,0.019911550613906478,0.2037447581866019,0.5059367233969794
IA,0.46820902775451784,0.2476706861985153,0.17410552329131743,0.5022214834037939,0.7083633872697889,0.6712160801384686,0.9367964497758906,0.6337931572993659,0.9766952337716758,0.5413031021215433,0.772002676791534,0.7165526734701708,0.8948537884770614,0.704770570713115,0.625697044100974,0.8532906796452382,0.6415086414879997,0.7637357577585749,0.8987304845830137,0.5283995617685134,0.8126863327815416,0.4197590436133496,0.37231434657172363,0.6608751323668456,0.8008473881932833,0.9588427219629381,0.9263245476379948,0.9312272349625879,0.09650217969715048,0.8229184394043042,0.8577343036903012,0.7690541174978773,0.8540000105484798,0.7861304647469378,0.6566174106626724,0.8553370403873203,0.7210408716373718,0.5437631960785343,0.3036642606576736,0.8430819073198881,0.5152358490960726,0.7220999829490761,0.3290912653887136,0.8604298822743068,0.04938600147174602,0.058744278516550036,0.04371560702173382,0.3588793540868615,0.1741891786687427,0.8426718454050685,0.06659542724297475,0.1250974251144757,0.6048832973822091
ID,0.5991233209821402,0.5335423607105565,0.6016292958117584,0.6687468552866016,0.8347808751660907,0.604450692067354,0.8667325589559685,0.6785260437445516,0.999836757047771,0.4554265499111853,0.7665515251390295,0.8438334906991255,0.8028830530607044,0.7535298506058622,0.9408360356100262,0.4996456911604403,0.6138103442470896,0.7794619278503756,0.9101515911475336,0.35114534221982957,0.8099996112511628,0.1369835175044975,0.36547592392676376,0.2341866731026082,0.5786543257962796,0.8133825052822777,0.9154983769715286,0.8410516047390773,0.1451232225648165,0.7305655425153406,0.5866393171681471,0.6776918222300318,0.6043401675983284,0.6882223963953589,0.6679602022248315,0.7105649867843485,0.8582307966714818,0.7720184524931469,0.14043263962585562,0.9972392944286066,0.38995771241984123,0.5781791334394902,0.8550614054279352,0.9502429477186259,0.015537904116775738,0.023533606074041306,0.01882621978761793,0.20278182031080108,0.12624834565978982,0.753698242585533,0.027393897762658565,0.15371655993365027,0.5850013717152445
IL,0.6130422461522735,0.4868195141364063,0.4460862490020419,0.5154106443786051,0.5973976275122149,0.6269582203998247,0.702748663103519,0.5455443309921447,0.8836324396758973,0.7760647003363784,0.6433025653696737,0.6159277092327371,0.7255005489936927,0.5474007819997673,0.2745326787353291,0.7000862053929463,0.7903620711375484,0.616291766030241,0.792239669524924,0.5307305871051167,0.37250999667380186,0.24842379430649086,0.5424166725436755,0.11300658382771833,0.6449679632565455,0.6541331624758995,0.7722504096169348,0.5410855419206638,0.26170881622579517,0.22656767943185507,0.7176152628236876,0.7927571658370094,0.7264197816493274,0.8254754278583768,0.6426792279551045,0.5689790470886447,0.6313061576023112,0.6803785488612637,0.09676442822282626,0.12860716978648865,0.5965333417607116,0.4762309089779248,,,0.2503467311851525,0.28987084733258306,0.22746529396345813,0.39378174782400205,0.2825706500583885,0.4802041126215765,0.29693914538500554,0.2628917036283427,0.5053082343612519
IN,0.2768649993477928,0.23911962035928616,0.5879691881368462,0.30845267948844307,0.67394241224286,0.4077912538744976,0.5958842347955463,0.36469932054531456,0.9345402860842963,0.43468345243098677,0.437737497784578,0.8146737869659866,0.891613806797675,0.8482919919223265,0.3346587384538107,0.6325556188012905,0.6922282961946512,0.6005632721500922,0.9009342727772905,0.25335499903717146,0.7055458242214344,0.32977506462819434,0.3094362007593215,0.4144070056855,0.6556201428482196,0.9027088201172665,0.8731915627382114,0.8508720268467709,0.07474013235519211,0.5119059828314484,0.5073571549620777,0.43608624914660205,0.5048731686104856,0.4688679106208737,0.4055021994906573,0.5488881755226984,0.7884336206686999,0.658738739660292,0.11812563648284446,0.6419311380130185,0.4204904103708915,0.2729786478832102,0.6838014404183417,0.6769315883472404,0.10439179907866707,0.1364930761204607,0.10014192901714573,0.276459075626035,0.17897859089139742,0.7700935849177235,0.14226499278837323,0.11843287094371752,0.4957966062301175
KS,0.47076305938877344,0.28303609925366907,0.5042517561596217,0.5048253393439349,0.6866165734168711,0.4493416083382578,0.8765510883232985,0.5207893351990519,0.9649520096060717,0.5279755499760959,0.6609016792600299,0.6448902230559646,0.8268069321028529,0.8074468716523758,0.5464348093590007,0.5668163876014144,0.5309681961276621,0.7114814017607823,0.8985313049539961,0.5286905775107619,0.8016744235093235,0.3719115560741695,0.3639520348107949,0.7583436257077006,0.746007465594584,0.8974440586571197,0.7759347156402864,0.8822095762942711,0.08662788105717349,0.8052184253780462,0.7492141613298288,0.6536677263022134,0.7323336543323521,0.6633274799084335,0.5453745119743835,0.7358101408486964,0.8382590899104483,0.6197561069572952,0.22987925236285237,0.7949212789983804,0.5429889281308442,0.43123856119205883,0.7948402367515446,0.9609274803583769,0.0422950913981517,0.05263888409009614,0.040574319131258765,0.37651316192993317,0.1827699493966524,0.7811343674826375,0.061056345983377024,0.17641212069912843,0.5762231538075788
KY,0.13471390300206249,0.1874754322525186,0.6894587796203462,0.17381033335728877,0.7583292802739626,0.16443938202731573,0.4274688509151779,0.25145423883805246,0.9329056452307065,0.3165005498345401,0.20928968185305094,0.8444281307539385,0.748624077132401,0.7461405162946826,0.15280420244947054,0.7804212078402709,0.3218858143897351,0.3212331817469769,0.6374004028467354,0.2377578041219176,0.5085697254920941,0.26205051958996384,0.14920596860104704,0.6076904526919412,0.421495665020281,0.8542055508896578,0.8112488710312326,0.7945730920352384,0.07671527929861921,0.5523557479866503,0.16004743168329646,0.3059795839690574,0.1557760841572386,0.28715029794262653,0.2454693001065603,0.3434374920367455,0.5916063827402546,0.5727245641084577,0.22321606881348927,0.8501762528516845,0.4900699444327892,0.35465743228704344,0.7736035509504042,0.7796853421031402,0.05502604258829552,0.08426785249898607,0.05645118945466847,0.1814846411624652,0.150008563643441,0.8480663645735932,0.08617689281626681,0.11359813953326985,0.4175407527351654
LA,0.2180532646575496,0.12922919598556468,0.40978129432033095,0.16317479784881575,0.42322499599566155,0.11948474714431784,0.5368351574731621,0.16621094224465446,0.7876845279346343,0.4332183948118303,0.31432460555504566,0.7777334312047479,0.6479788067888892,0.8586454858019037,0.15354504545146505,0.6274297235013324,0.6612530258149373,0.05242322009383543,0.43491447773375785,0.07100790237931094,0.4398397300566363,0.2296704363779732,0.08647123959181467,0.5799768301276079,0.09521658403594489,0.7000121980525339,0.7732936030943406,0.5204931751898818,0.05909706397366924,0.45735958560405593,0.2887158112364319,0.19031731134645616,0.26139695282292325,0.21478762276113397,0.27186405698614763,0.20807947204275767,0.5379943040196431,0.9189901559622706,0.12209966969391828,0.5070014521113484,0.22324790264553152,0.2914367144835665,,,0.06414578377498793,0.08891715264456405,0.06422418669475227,0.2485405061808936,0.16832386142467887,0.792858455808898,0.09229746645079764,0.11674064500159459,0.3397599029524999
MA,0.7355436664475922,0.8608085983670701,0.34560152814361533,0.6737796652307751,0.7846921723253816,0.9984868360075428,0.5238517823094766,0.7826920295703587,0.8734971625372877,0.8608568969376987,0.6620102960198592,0.2941462755762531,0.0,0.22118644265807483,0.31846435599850775,1.0,0.40544111912762354,0.7922191262664575,0.5734149688503991,0.6703638972218946,0.5775504239081334,0.23155554954301627,0.9190716204809085,0.3354600776114994,0.937600233065377,0.5922660662283148,0.6486209507310237,0.3690638013965008,0.3317058951803156,0.16741598835744168,0.8203677277827698,0.6386032427783171,0.8385874130002415,0.7222805986284365,0.7995706522492011,0.6968541640327306,0.13732719214823244,0.14578759614222508,0.2860876714053052,0.48644579595741444,0.8198363750378214,0.7218086189852818,0.607958228822273,0.793969087956439,0.16398160705272857,0.17182388917318903,0.14707462155736659,0.6180503281421633,0.43226469443363175,0.20840026533042422,0.17585326597849318,0.3244026015930912,0.5429172088517706
MD,0.7504192635122399,0.4635915211770197,0.7330188346746512,0.6401209905715955,0.6401956393757952,0.7230574056314069,0.37985211383924905,0.5009426819051025,0.7545645321406874,0.8117111320796649,0.44923736263075414,0.5143914129267504,0.6752353688180279,0.5755656120318088,0.519889376798537,0.7758062610631504,0.6089128333314752,0.7854008302270064,0.8385438597510069,0.5324073094312427,0.6532456528431452,0.21605638365200722,0.9517458277254415,0.5058527508838043,0.6961993773282038,0.6836427607618863,0.795881014458586,0.5442544577235628,0.25890679657351207,0.003392563661118675,0.8631561612448833,0.7269014778596606,0.8944577389315654,0.7849961658240817,0.6436679709634106,0.6561762099015572,0.7887068842098056,0.3430933691112894,0.20583815690084392,0.5588031821681021,0.4424104023961032,0.6300182188283562,0.20945607912071174,0.34027893419209754,0.11351976956020174,0.12481365191996902,0.11052689201859142,0.40062338647173296,0.28151031529778126,0.2624653352194169,0.1340377307546846,0.1785101010701087,0.5334771977928427
ME,0.43098408960155327,0.5293350621873347,0.381144719941573,0.5761701637757112,0.9147546724123661,0.8181098076222377,0.5468493419938024,0.6979273787155909,0.9650955929788899,0.23297647373177569,0.6822233328485171,0.1931443118894776,0.30656389115562616,0.7159644436879495,0.7085528774532519,0.6330410178352808,0.29398055053012184,0.7278956654844979,0.7731532773474318,0.48078943526784096,0.7422993460603515,0.29122411105574136,0.3233285056733947,0.07158162642440676,0.684415193532593,0.8337120098619092,0.9791482465646765,0.7742708497363764,0.16156285703032722,0.46922075887856945,0.6278465961959786,0.4921576455897001,0.6323500761500188,0.5148098286715894,0.60225411567241,0.9440645872224408,0.489817469471476,0.35370908553031555,0.45577033684045,0.8781748300678168,0.7312274235836702,0.89720400782532,0.43477808093634185,0.8697482934062715,0.011050342917311587,0.02094892038045615,0.013467304902499547,0.24836765304472438,0.3085574153367069,0.5724743660440992,0.017901034444079367,0.11832787328975036,0.522924156035045
MI,0.3535325582503815,0.332057814098054,0.4365917432341205,0.5771427158889876,0.7114299920557161,0.6480099208594302,0.6529482605644015,0.5178685104671527,0.9399385546647042,0.645070391984547,0.3993585786817191,0.6306015226171654,0.6740447493386146,0.5980586639006052,0.28115825782173803,0.8147795226852236,0.5986840772176206,0.49554001680408355,0.8528301581290689,0.45375176701798314,0.41914748601990365,0.24161913057977902,0.3158217427710537,0.10772737606222121,0.5675014669180151,0.8021374919299911,0.9447432393089681,0.7084295594277653,0.09323122195264348,0.46929936943211087,0.5039762289541923,0.39823972410632846,0.49640386531154723,0.4442545588480457,0.5113585804031483,0.7307362395330795,0.29513236979504553,0.5303297830574861,0.2849690533573634,0.24244679810410766,0.39803950340412453,0.7563144972028814,0.5802215478037616,0.7616018050372263,0.14966153475218996,0.2222248521117877,0.1524486716461348,0.2572389220655392,0.22715453483845854,0.6958090579970749,0.20992444121060036,0.1858582762827144,0.48651267175571156
MN,0.5935933102899805,0.5524348190751478,0.2689287563142582,0.7788905156476389,0.7813354852504627,0.8521205103320892,0.8688162470477699,0.7885319605345651,0.9434369678937902,0.6769673328325795,0.9582073413546678,0.48500701104386906,0.6875386992032745,0.6261823574516467,0.45392450928395617,0.8641893799888174,0.519059106028664,0.8717443992565181,0.8920523017938679,0.7156416033183587,0.7958273942131333,0.3539504745367544,0.6546339145387697,0.5218806724978613,0.9563715916858279,0.8800320411029273,0.9474800274339357,0.851441685255702,0.18480009799491448,0.5477757587163942,0.9214418381239428,0.8183535184779481,0.9267938155509476,0.8518034258768843,0.82082141054362,0.9348371362735298,0.6568436830557253,0.4260551893401257,0.21891779902590833,0.6156503949064471,0.5571869501931779,1.0,0.7598466053354447,0.883449838786332,0.10307586307516015,0.12510518273545818,0.09628354309975087,0.4354672331788807,0.2851957960295835,0.5531819671214045,0.1334112473583012,0.21815075210746615,0.6382760644989786
MO,0.29291514065802177,0.3068137186325639,0.4460368677829192,0.37809588862404025,0.6456261609339976,0.42041999512929634,0.6179447933280114,0.49917828466305075,0.9176220054300455,0.4512813158084666,0.5503928013855884,0.7530433148086155,0.8199309181801926,0.8137875852796451,0.37156060989270023,0.5111657923721453,0.6743866706129368,0.5560894604820501,0.8138092370341612,0.4039379822660955,0.7460539941253291,0.308251716727869,0.27420839039138006,0.33906780347449184,0.585107099924289,0.8682167922873255,0.8004044988280815,0.8053918146000161,0.08858242240302759,0.5088608054079988,0.4570534730238957,0.45027200128855904,0.4456387399871613,0.4487957507973481,0.4226822306518532,0.6726997213358314,0.8421365002250468,0.5672921552464552,0.2963068672063507,0.542332150832983,0.3871918665651698,0.36882601903776885,0.6686047923098469,0.8258652838686859,0.08940630202757915,0.13123576969023254,0.09000844110737989,0.2861444271591308,0.21655897236278707,0.7731344953527215,0.13509469218315248,0.1877415078947704,0.49690125643179706
MS,0.24129970110962687,0.008338120251769665,0.7843331041957843,0.013942404862262578,0.39787554919581797,0.05293672934640246,0.8566451712463118,0.0154720559089682,0.8572448681020529,0.00547634247765725,0.42079592732024595,1.0,0.8779717211207236,0.9565567718801784,0.13891316780689625,0.3336902368011119,0.5030494675327926,0.00990266960772094,0.5203998292740736,0.17285206097014053,0.4312742961883334,0.3425044905044754,0.002933155262572802,0.8619539465141295,0.21066137498670864,0.7509188434431925,0.8464782301776707,0.661646089919569,0.004237491197176794,0.47568421465386795,0.44435922577769843,0.4724397801956652,0.36408393698094227,0.4362697483422346,0.13294472083297929,0.15675413403016386,0.8276273321481848,0.6476420444010681,0.28343723841385926,0.506609766117931,0.0,0.16181834722774519,0.3551705489699707,0.0,0.024928958589302823,0.0461787326755647,0.030393038584623576,0.09794918117796625,0.08703308680420398,0.9464384185667362,0.04862995371257325,0.0659871475203161,0.36335230237710375
MT,0.4428039573830302,0.6694679960864685,0.16283040685188374,0.7393251586956898,0.7779093789230774,0.5193066447048246,0.9077075647909121,0.8512682216209693,0.9931317073391072,0.3949376981884723,0.847926970837016,0.590680037720828,0.6090329683013141,0.6504695497445386,0.8138709281209587,0.5627934889627322,0.4737414307738557,0.6679919157753661,0.8051020028172499,0.47410654363946914,0.7575047325785772,0.3833282134803238,0.2776754019900031,0.20919391692110634,0.47445539532139896,0.7834613094659586,0.8419159561663442,0.7145342778440434,0.19193127039141056,0.9175751561440554,0.5984028196419972,0.6130910648478147,0.5898461931869181,0.619751890506239,0.5670044958155622,1.0,0.4006207195186362,0.538605493108384,0.13263620932017575,0.7128370757916755,0.49159638129238287,0.7445027360384838,0.7832767623309546,0.887660958043056,0.006141939549218465,0.013257170522371941,0.008526237688575047,0.30752524492174216,0.252474892954457,0.7470489982178106,0.012117760454873481,0.26203739304291496,0.552862688917163
NC,0.4612900765644945,0.39186918255397063,0.5881944427003591,0.5483829201008494,0.5547351671515314,0.49443986385359623,0.6734790995343204,0.411260433328086,0.8656716633480191,0.40505236106537296,0.5903090181001859,0.7480148758295405,0.7139027400598486,0.8352076353562808,0.3983294848058964,0.437917980940874,0.44258028491805773,0.45098505443762055,0.712151056962616,0.4486660884837472,0.5750884035136373,0.3060464347562459,0.30087160455637096,0.8354860311053011,0.5055560873924404,0.7643574811732452,0.7516490070793956,0.6814713744880491,0.12392886687612585,0.455340571088376,0.6486074760280236,0.6633828944650033,0.5633951810469185,0.6527569408010278,0.5186693705691172,0.47697482312193884,0.5677917059105713,0.32499681797673435,0.25704845591774506,0.7686472035873074,0.24819233104280186,0.7073309312128749,0.8051484360311614,0.8202204404445531,0.16806338920469804,0.2187731432171052,0.15813286832539603,0.25543790390480814,0.19278629817049436,0.7275248347678758,0.23114840267182585,0.18426347387449926,0.5110134928032956
ND,0.42946986300371504,0.29777098226732585,0.18347664460692625,0.46855823246428036,0.7001599728616034,0.5955489658288003,0.9418121613939193,0.6921051762512502,0.9914489211830455,0.39401497281613135,0.7837824849017309,0.6582936367860844,0.844698037808112,0.7220963294488493,0.4824061549392151,0.7058050676557245,0.2832869936047588,0.8570772594374597,0.7853329404575402,0.6342450379765182,0.933656025903721,0.4425391737244144,0.43394003447281704,0.8877538963977059,0.8180941406799089,0.9622389918603526,0.6612457867130749,0.9478083557783933,0.07133809603921554,1.0,0.8739450391781517,0.9127445173289696,0.8670487293880433,0.8835674166666151,0.6575431638044563,0.9097266280381427,0.6565721552891965,0.8287628639960943,0.1398634151380436,0.7732126128737588,0.6265737293817963,0.37553160504881183,,,0.008059606477258122,0.00730154074951913,0.005354151256972408,0.5395777922751376,0.29052549630206304,0.8168540762585212,0.007295950669098006,0.16666591377457507,0.578315265273317
NE,0.5748580682065175,0.31198910020593257,0.2643468215656885,0.5263573271295349,0.7232765181494334,0.5897046562841258,0.9967433271719363,0.6321796423340211,0.9805792858095108,0.6184829385400916,0.8510204073559033,0.6810102657827469,0.6914952677845702,0.5715307731018405,0.6763714032812681,0.6485070071516333,0.47539113506959385,0.8080901539235968,0.9204950740091928,0.5991338044837166,0.9227265234168737,0.38284662072753123,0.3954891043184685,0.6059771296100495,0.9475334734481438,0.9137206047095306,0.7712027931159208,0.8849869995940521,0.08510797270261768,0.8777710098069417,0.8820799358043621,0.8552223632518065,0.8641419581871553,0.8835757940183974,0.6531069326134861,0.7565477047000371,0.6393040701597118,0.556125537128515,0.29827985572010424,0.5630461037068843,0.5711149457633022,0.5918336636192263,0.7397854727700239,0.904223221134071,0.03034768816511672,0.03327467470457649,0.02612472352889017,0.4526047852439181,0.22134838458544182,0.7955557153931605,0.03735868040631288,0.16565346457983793,0.6042784515332301
NH,0.6106420423541427,0.6139880723695893,0.40727556771158047,0.7544318090203089,0.943836971017971,0.9832892251797299,0.547675440833136,0.8013900844680216,0.9847103372870074,0.6448047599331693,0.6718574207665551,0.486340852729271,0.5994373994647337,0.6144087028645281,0.5686620247314534,0.7683644224625267,0.3372518908673265,0.9815235241510033,0.815786952342973,0.5509504095532658,0.8679155692101227,0.2678268219926067,0.8007253790303764,0.21799382036796536,0.9380643602068804,0.7989146034859024,0.9346309218640044,0.7068594576128074,0.12186605224357734,0.3139074360752654,0.7382380549955867,0.5340517994649766,0.748876385405783,0.5852814358292417,0.7164189319044945,0.9392486457898481,0.6074052001732292,0.366758023226975,0.3864193030754241,0.9250265301876286,0.9792543048575404,0.8359807413937718,0.430079388933821,0.5815852034248697,0.016543087290038856,0.022574053080300475,0.019107979184856013,0.4522646548791979,0.39590813546126896,0.3079631094807674,0.01977975404034739,0.22086765286336596,0.5868522940029801
NJ,0.7287613951889557,0.7592155932503516,0.5954529150079676,0.4771487045819789,0.8067506288963924,0.8895370460342594,0.5605951615965127,0.6297543000384237,0.8285126643292856,0.8861011578951797,0.45086354752259955,0.5806092152291003,0.7499023212505075,0.48345963089330546,0.4233547779085991,0.670587852679165,0.9908916342048681,0.754943044623226,0.6496727233355072,0.5452095369426783,0.42578596750954284,0.19824953912580043,0.9234106129921145,0.34877383521496474,0.7894191067699959,0.3798126713564229,0.693205386061582,0.19739760128596104,0.30820611001817555,0.18643667341646605,0.749644689387447,0.7324706800869832,0.7648735474644055,0.7931921529633853,0.7544560204893599,0.6234902975826444,0.512547531171113,0.42653551215063057,0.2771965098620057,0.34003528928928317,0.8860340873885555,0.7692552011824563,0.7667963156379181,0.4229667785017057,0.1795505473671951,0.20908291911816962,0.1852754794690754,0.4622176499779751,0.36513195796029585,0.13280906598895506,0.20721547030427803,0.27771707297911363,0.5520686654122638
NM,0.5027028403768826,0.5607668201585301,0.6753926800632278,0.6173564838558722,0.5612779118873733,0.18165666383905432,0.554857410609687,0.4364643502926426,0.9328816803704919,0.4424741729265691,0.7046973127464901,0.6915056680526641,0.4720824367780281,0.709879789120775,0.7965221844258689,0.49483952922118773,0.6650090068480119,0.20221361127995263,0.6264408309831208,0.2143556314775399,0.36487324054996345,0.1790298749648864,0.12078615088303875,0.7416984873682075,0.10465941121552112,0.611178084917248,0.8293832674089758,0.5874233506285879,0.12045351171677715,0.6361044370050832,0.46187472874843066,0.532402289747219,0.41700809240220355,0.5437197740056313,0.4451256640388735,0.26310018103484084,0.49157544968958633,0.29442033863653383,0.39661533176966124,0.641541350589238,0.24018765392166458,0.2588835012028786,0.0,0.5808597507668758,0.021147834258765118,0.03024463081595165,0.0214724760275886,0.13163602705430374,0.1377656675749319,0.7486114108066204,0.028465308253614995,0.19935407948287542,0.42905363654055106
NV,0.5069717325325456,0.6383079407801957,0.5378419595320736,0.47418059133224366,0.6521756422545505,0.4415439114297557,0.7034598926351996,0.5138192380953182,0.8461725840696691,0.8115513693122535,0.38744141658223036,0.9379630814630447,0.7996450569109862,0.7786444474023075,0.4507832363532211,0.3866818732111525,0.8315856450414474,0.5097817216370552,0.8155623462922049,0.1088438766302785,0.18355944190655296,0.03445944568564637,0.39102711347567665,0.9314825943550656,0.1461459714517007,0.4873368073567108,0.49182531299065196,0.36408314909232325,0.16569414228754656,0.5147904748358263,0.3767648390196164,0.5175210468447201,0.37129907352357816,0.5269138421904378,0.5642220447163536,0.28967917507314017,0.590532886997261,0.8018105124917467,0.00934659053394029,0.8795700928025554,0.2306775368642115,0.5271574055259092,0.4183799819073786,0.4167406098935895,0.04415479599791834,0.055951444621009795,0.043169158763421894,0.27756031738066167,0.23141767224601012,0.575163633748112,0.059253929666537954,0.29623084845174563,0.46067960347130926
NY,0.674101600695701,0.7504643730785413,0.5091174486795207,0.4277516906491647,0.6235523246537797,0.8154011089942726,0.7501959192437945,0.561530417004546,0.6982586359004288,0.8294646448858495,0.4195494918042153,0.5792832285892395,0.6374004388056292,0.527965120376275,0.50641285501713,0.8190095163660502,0.5012926505926898,0.4675827931856856,0.6977255961008374,0.5014419783914673,0.36643189608106336,0.18026911090583608,0.6174615022657254,0.00037539062871962586,0.650413461787825,0.21558569380318796,0.389428609071774,0.033618326363853944,0.6184054168076064,0.20682257814708405,0.724353101497175,0.7120142316935669,0.7328112948739833,0.7514408674291969,0.8402222226558461,0.32660986039996487,0.34096768979069336,0.26753325936031075,0.2113759079704067,0.25722547243598826,0.9173131555833676,0.3308110494435053,,,0.5088150007800272,0.460843807019671,0.3956176149865479,0.45818069286228064,0.3516356558972363,0.1471145316358578,0.48265778969844186,0.6209526543828,0.4906333914917829
OH,0.24187984716300356,0.2436354166024374,0.4654794355466973,0.3788277074220668,0.673580642081481,0.49422955804716495,0.39034868881436785,0.36083992083967725,0.9234255152132738,0.6159634762623106,0.3015199252207598,0.6702361227936674,0.6995848375547681,0.7725302872574414,0.3197886912508877,0.7332069589129792,0.6229417396203966,0.4776815849594813,0.8371358838897892,0.35532148034440586,0.48725190386739065,0.2910958858237271,0.2950229525012078,0.23109287487433783,0.6919691731722292,0.8571362000282772,0.7739707487348996,0.7731648274558786,0.07743865768087442,0.5431735755309566,0.5009656664882893,0.347826835203809,0.49812180984395926,0.3772742835319817,0.39801986854163696,0.6909802755870086,0.511519106511288,0.6130895536295952,0.31187233047252494,0.43579037007443155,0.49075981801032914,0.48871228581548926,0.42902323109058493,0.7235175385425625,0.19558831320433562,0.25808715073139493,0.18265169323874736,0.2966578009735535,0.20428649279875438,0.7599359051203974,0.2654684758105263,0.17284924965424975,0.4761905005429377
OK,0.3248406315701134,0.16472718188996005,0.8314531601005294,0.1566886347854545,0.6377490520681722,0.09975527684481313,0.7952581191742955,0.283491987955048,0.9385639712908537,0.3282505118871772,0.5012409784045517,0.8971395980861233,0.48170398662824687,0.7881991846900874,0.3526836483943892,0.19917793214520563,0.7177198858930257,0.362467538376815,0.7464677988478127,0.1389789248380924,0.721489262357755,0.30232451522500753,0.16190736686544416,0.7248950084953361,0.37552472509488094,0.8248762775648136,0.7548047392803587,0.8139237698004189,0.06701410343620305,0.6398447534648675,0.3527878668107287,0.35307533258094975,0.3309335419259881,0.3509177063571458,0.2913049778662669,0.45490127682323245,0.5463018234679153,0.7254761993298077,0.5291483596936117,0.8350869503964129,0.3248644270386002,0.0,0.0675151278664845,0.6174893854224631,0.05038423478413308,0.06904127557261537,0.0549713619431767,0.28913032568876396,0.12318567536006228,0.8437547451788983,0.07698965555920631,0.10988871628630165,0.434687422120373
OR,0.6015726197665915,0.620709728669328,0.40560284229399796,0.8204101297314295,0.7762251829402459,0.7269121413767219,0.8521633417671016,0.7114997107060282,0.9382502918250087,0.7133393913711497,0.8193963128028535,0.4180578410838158,0.138107248990313,0.5308960893150322,0.8391948236456902,0.7101922708298923,0.7901409637518172,0.7045054937233406,0.7946210219699027,0.5249428962249393,0.5120557536071672,0.2557911279541172,0.49413548366962784,0.36680990156984766,0.4707287438680396,0.5071035569736738,0.6596168408840074,0.4136717423098795,0.2871796970788265,0.5660026208023451,0.5492777824669773,0.42081560788086536,0.5610273039272612,0.45881004612756393,0.7227164060883613,0.7167395350854024,0.5833938013548493,0.42070627364852353,0.2571786867851059,0.906829818003201,0.5116206727328855,0.869030809020928,,,0.06298661354806978,0.07821874375495692,0.06174096050309472,0.2268613773606999,0.24932658622031917,0.3677263899877723,0.08571464987626576,0.2562981757213895,0.5084335145095988
PA,0.425809249854223,0.46842940316824117,0.42743668814686675,0.5490194271051583,0.7496992768694174,0.7137819627237169,0.43252897404152524,0.5537453787205169,0.8849963201493001,0.6486085944999781,0.3604123798198255,0.6089446952436438,0.7857781137298026,0.6870887431104059,0.38548586206483515,0.7784131095479179,0.515654866570387,0.5974654431063102,0.793527545704405,0.38425358660509207,0.416043262983933,0.3385681891175531,0.4246036900788405,0.1500018442194402,0.7085661756764133,0.7892319312659518,0.8563529279172669,0.6689570591709554,0.2097331315905601,0.3454936724294581,0.5829135895208959,0.5058367518987045,0.5795853907764391,0.549816929222159,0.5596628823278423,0.7130841767212678,0.524578281177012,0.5419584307771611,0.23448343100113073,0.39333181192020866,0.6413100449829867,0.6421284226689541,,,0.2236072208565935,0.30314078037650166,0.2253789533944134,0.3839625745080656,0.28317633320358115,0.5665324030784722,0.2918897876813702,0.1949146512144332,0.49420703383282105
RI,0.6213697398478305,0.6167900141652869,0.4255326145567373,0.5095106053985249,0.7045141615422627,0.8408810979917295,0.5305756570537477,0.610766606397839,0.933493880916391,0.869271736524574,0.49223689211997357,0.35348498824013613,0.42369797310872254,0.7674431765376838,0.5032559791408507,0.8909875774019751,0.5713544568496739,0.6021590552254777,0.6543898882638008,0.43773557924018053,0.5597013492444818,0.25652281976791375,0.5580706324718587,0.41841260532657576,0.9116184738807149,0.6012319868819935,0.6281578558232747,0.4339155344316919,0.1212656865964701,0.4465444037324999,0.5950411003620414,0.5627447211955118,0.6189530917222948,0.6020722528124312,0.7133174315254233,0.5053123791304301,0.5881504632712046,0.4473181545016248,0.2873275446677914,0.6152914029923564,0.7399229746456375,0.4132751240544093,0.5297355227547991,0.7479217281765365,0.008554380997174954,0.011398545949173545,0.009941400077218726,0.2870114807937862,0.26343791358505253,0.3991664468899597,0.009968046487942736,0.22086594588185257,0.5089898451081963
SC,0.40638746742270676,0.28912822261904075,0.499912723928277,0.38398650385707017,0.5019603076134308,0.39542534710633337,0.6541709126137402,0.2682445912747426,0.8502013421127145,0.2893668090214799,0.430310898267302,0.8019797503542554,0.8650498474741729,0.8549772670048549,0.4914577895128595,0.4393382220444333,0.6951263707466468,0.3775519078517038,0.6193638710075985,0.29460652437497753,0.7358496858874147,0.31102137515532835,0.23667805242023288,0.9545986173212416,0.5065818029581576,0.791433867933285,0.8899096039017529,0.6724930649229632,0.07201094877960273,0.39709642072844864,0.5053802714016008,0.4686565854210229,0.48896380527186767,0.4972743292867244,0.3890853266644827,0.4577384320794332,0.7360783012886837,0.4752374222982306,0.1560121168092213,0.8497419107852228,0.2923817944040394,0.42552334159786614,0.5868120506380878,0.4946225509875638,0.0637808641687861,0.09875562392059282,0.06869090286701618,0.18893126578678843,0.17815959517321917,0.742993118991105,0.09937645088698542,0.13655308033385066,0.4683321785164391
SD,0.407826921062241,0.35026323664187514,0.2983952678006458,0.5539644856168804,0.6720432980189055,0.40743125454193896,0.9964026213111866,0.6875637060118326,0.9850213806184721,0.3664225316452041,0.9259323090696362,0.6394034582197264,0.8480672354042603,0.7918962318974437,0.4804070462451043,0.5200947649435982,0.2429342487037308,0.677854255229121,0.850195014316081,0.4579697558912554,0.9024778299137747,0.45736217918227134,0.3414577427635727,0.6798027951336856,0.7041640401855327,0.9586039651959707,0.8296218283101756,1.0,0.09476915604648033,0.9748743234853459,0.9019709019922905,0.9844164666163641,0.8763512658448839,0.9805043823536899,0.5670343241396636,0.8271506929218934,0.7580344357656645,0.4705153013503104,0.20006267675481543,0.7306424728026691,0.4692211334361558,0.4349296026351655,,,0.006636933924136649,0.008373610696601218,0.007448948916394469,0.5113358201881311,0.2225426235889451,0.8689051923245982,0.008826193343067954,0.19636401007946158,0.5624418894417152
TN,0.21539826655755304,0.26486649688773417,0.687192537334247,0.30200303816265467,0.6219876547710929,0.24176292013613368,0.48831509725623334,0.20757842820737024,0.8920321467979315,0.2719807996062526,0.3518719067058818,0.7489315791694433,0.9099444908881189,0.881968292533645,0.3349420477675296,0.485206590418904,0.3461087763621018,0.41010580691623155,0.739633528919105,0.22921283992256036,0.6497273810911512,0.2959220531961677,0.2483659129410035,0.45341923678049634,0.5282538996112316,0.8243803885114055,0.7811075847177359,0.7412669585847372,0.06838834923911719,0.39944751255453576,0.3283951718006795,0.2836496021633883,0.3268342393470831,0.3030008502474844,0.2753923902730246,0.4537274406024321,0.7730452654201234,0.5023404691362676,0.33405972862195427,0.5329669448542469,0.3764333183233548,0.2173701558241797,0.3380294118635577,0.4120841715201269,0.10688049967667572,0.1379993740862834,0.1056367028549525,0.2844855946426679,0.17321448034254575,0.777294269022673,0.15227042657293371,0.23413229216125467,0.4243814563616502
TX,0.6110077069589605,0.3505246211837099,0.5086256195783747,0.39598578955472535,0.6865447547134492,0.1853435584887924,0.939683487488007,0.2905862567248653,0.8515508735007872,0.5772433084744958,0.5523999749741106,0.8930370356895695,0.9703768345698854,0.8141865543317376,0.3517190948057732,0.0,0.8117793456042461,0.40834237403558565,0.72779470555681,0.260207221537126,0.519915910992474,0.15644872096915938,0.42122890255226114,0.6945460979261527,0.40246814858043384,0.5881866526668588,0.6427748849480278,0.5849627991870459,0.1307984429630732,0.31081659284632374,0.612892137870307,0.6570110493804155,0.5929408397550503,0.6842882258884706,0.6091201373174225,0.0669789963437308,0.7348452305039118,0.7713062748341706,0.1357322678099125,0.5551303435882299,0.1653146960303863,0.24990990352133957,0.36195143214781855,0.32390994330434875,0.5554712459124909,0.6244666243889249,0.5074497758627831,0.29493484551947946,0.21393694044375242,0.5546644609077176,0.7075658412092106,0.16971086930224732,0.49645227928215013
UT,1.0,0.6364772582653037,1.0,0.9030964253707379,0.8566535247213247,0.746979137385617,0.7982758834474873,0.7686944388141467,0.971699585427284,0.6579846690138084,0.7796971347804035,0.9446201912173812,0.5753011533734603,0.7123390459086525,0.9590751188640834,0.5891470698727993,0.7521330617799616,0.9693724210731691,0.9817598501763527,0.5641945963021651,0.8964556061038161,0.0,0.7193833902097092,0.17115857063133033,0.6852034335079554,0.8389481343062505,0.8973421389509681,0.8892682710894565,0.2131796493143867,0.7008378488289319,0.6561359638339016,0.6057098577686015,0.7111520501650168,0.6675215138641987,0.7303783756610588,0.8797926268229184,0.8094305756701179,0.9893829497358386,0.09651244873683112,0.9327009946593257,0.4259080891920708,0.678192207171734,0.6378613346366031,0.9204963534005024,0.049759187015290335,0.05461584160229558,0.04276319757792267,0.2149372989188315,0.17437602179836512,0.6169052242921191,0.06971759210086152,0.3016977769666045,0.6431979309536802
VA,0.6074913258264095,0.4558340462953119,0.580428622708072,0.6265562808593935,0.686160531416967,0.7150814389514819,0.7661459426331851,0.4769119992513718,0.8903170588602487,0.6025080705602214,0.44595208954526866,0.6849354239677251,0.8368022256246923,0.6648566943220374,0.48700649554300246,0.6548173448380968,0.7097828753835768,0.7315594696003274,0.8109630603619911,0.5755978083711856,0.7819164623025184,0.29526453237795247,0.7901450855676927,0.9509036252403898,0.7809288555588366,0.7919636743475426,0.7795231781426173,0.6831079298452369,0.20327938974096169,0.26507115102828077,0.7255249142359305,0.6649950057515343,0.7388025146203506,0.7009961597793405,0.6899199372698143,0.6512593663953361,0.7092329693698785,0.41695532843903776,0.24600007757906492,0.8287211315661982,0.4363563049509987,0.6925578950805141,,,0.15758936563801293,0.18206515675335838,0.15255489256229132,0.3887327634755747,0.26432697547683925,0.4179673451772998,0.1975033933855535,0.17011314521713777,0.5552893307296654
VT,0.5840274798677096,0.7821963579662589,0.30885150776241993,0.8812305018228971,0.9742612146157564,0.9316941158189597,0.6551105295729993,0.9056651438852188,0.9863160104006191,0.34805411765509103,0.9008336584931933,0.1440398122898624,0.3187977156739261,0.6640396150419248,0.708325611350951,0.8864013652629746,0.58012975186532,0.8618375863331641,0.7988224781976765,0.5197430312475106,0.8971163815654554,0.36723019159104814,0.4529018330883264,0.38409115402943766,0.8169379682398411,0.6564339544273691,0.9377869661374539,0.5195417133879903,0.20842143074873087,0.5090180478951852,0.7493833883729234,0.4963419987008222,0.7745313011770749,0.5795575871103393,0.7286897605512488,0.9573280256205982,0.29482951775284383,0.0,1.0,0.9845177992760462,,0.796099133603199,0.4548703141115279,0.856773187630884,0.0004729997141579628,0.0028721598288479954,0.0019256871229576162,0.3062706657076106,0.3248470221876216,0.49274736867342767,0.0013455853230242973,0.22217545241894499,0.5680398096196345
WA,0.7594750396968114,0.6642773419761376,0.5706069821210541,0.9158761900586353,0.7615731481404594,0.7352165165760374,0.8006881460236893,0.7394735367650406,0.9307829985844737,0.6585757609342265,0.7890793460471274,0.5594863563526925,0.4295033629250547,0.5126100399517052,0.8207764871295752,0.7446724341958215,0.7501885269018479,0.8123931681154316,0.8124550612121234,0.5702729401862376,0.4379061087388005,0.19580951013191294,0.8009526606806777,0.4503272013731549,0.5741760724243171,0.6302048066594255,0.6772955311756825,0.5789125786030237,0.2986864134010942,0.35478039260836164,0.6257880533305079,0.5721283508722633,0.6735081899288092,0.6378932381320168,0.7844574287446539,0.7683795191163691,0.5140660898555454,0.5767035128329906,0.15050316953808585,0.8359500559253851,0.6169281873074794,0.8725387990273609,0.19800557129722351,0.3531700223827161,0.16975488640718056,0.1616193070410275,0.14882407528631109,0.4065115449167238,0.3162428960685092,0.21102959393256437,0.16530216666451591,0.8296053311181771,0.5769564389026566
WI,0.5147045563454099,0.37164746457152154,0.04747058244844673,0.711633033169122,0.7142040749654317,0.7569323707333444,0.7279763530745541,0.7503293280684912,0.9690168577261562,0.6234633077228753,0.7331710843094892,0.6250169081866898,0.8079047506706177,0.6766995166577855,0.5824363820142876,0.7964661517176385,0.5312064872032222,0.7403833280382051,0.9122717748438333,0.5096222583404035,0.7490099180477364,0.30313235215177553,0.413014856221894,0.10511828770368348,0.8201086617377128,0.8486638379961698,0.8017595658360356,0.8053873384209446,0.10532135853557993,0.6331149348800201,0.6923523585582968,0.643723949659882,0.7156902462758006,0.7041679294664424,0.6612381822702643,0.8665513076791147,0.5394254832423426,0.4550163051735461,0.27450223948801683,0.5528234169653983,0.5632048536725638,0.8163787091389518,0.6027412023703931,0.624542610577917,0.09162871241582568,0.1241585010862804,0.090713937562907,0.3512013292963762,0.2234410276372129,0.7212352250113885,0.1316615449061496,0.19951456357625272,0.5639489011176896
WV,0.0,0.03220419318963528,0.8399777638514839,0.18659800493992584,0.9235664555567539,0.19794803454888488,0.0,0.04452269078532787,0.9688571842241519,0.04037888094244979,0.11041613503588009,0.6543762193681932,0.936115362261242,0.8572260214100543,0.004898706317292778,0.7211773302928197,0.22611890642616483,0.2943039770262064,0.6851608562470651,0.0,0.4117907689778761,0.354173916800973,0.0314031523550129,0.6459849467907525,0.16575518783042423,0.9982099786131865,1.0,0.9263861513311388,0.05926704813870254,0.44697803952385584,0.006633012070001665,0.0,0.0,0.0,0.15229033245327608,0.3802406574524349,0.36939409222631203,0.7161462111597077,0.12245810272202762,0.9295553479714794,0.5610646933315637,0.039059369235026856,0.6779540841264576,0.6148083806206226,0.01370056060277157,0.02672107454748442,0.01595924530231909,0.1363086376384916,0.16194316854807317,0.8627474485922302,0.01941984572181286,0.08651273041136198,0.3575506195114598
WY,0.39940288492599213,0.5496645769892353,0.45242563454270285,0.5533244399178415,0.8334386862848494,0.3889270819382731,0.8793294334856646,0.8054055658165663,0.9958913003907303,0.4689370166734899,0.6916729647147791,0.7700184262073456,0.574120769480481,0.6995926985352984,0.6664978471327937,0.3414315782058872,0.6177123500501109,0.7980870155186487,0.8255151795574514,0.41283524219505857,0.6536270847465332,0.3740329111907674,0.4279013514521807,0.6955599862812575,0.5847979023190337,0.939208500870565,0.9171201320744079,0.8984109196331418,0.14206589708854345,0.9828304494669186,0.7493343439990858,0.7260737117383992,0.7322014339337782,0.7160031928084264,0.5778793611391534,0.951714463241632,0.7228491820127485,0.9707112032716869,0.34534609057356963,0.9464867050464401,0.8991042362821507,0.37251491883408794,1.0,1.0,0.001912237730922944,0.0012271971571075162,0.0025660841350543828,0.6118610706857809,0.2758318411833398,0.7038129260671158,0.000727642716256982,0.38615037387618834,0.6145578000795264
